{
  "uas":0.0,
  "las":0.0,
  "las_per_type":{
    "":{
      "p":0.0,
      "r":0.0,
      "f":0.0
    }
  },
  "ents_p":88.9959432049,
  "ents_r":88.606529788,
  "ents_f":88.80080958,
  "ents_per_type":{
    "LOC":{
      "p":91.1122937733,
      "r":93.1954273272,
      "f":92.142088267
    },
    "ORG":{
      "p":83.4077380952,
      "r":83.5943325876,
      "f":83.5009310987
    },
    "PER":{
      "p":90.7447973713,
      "r":89.9565689468,
      "f":90.3489640131
    },
    "MISC":{
      "p":89.3886966551,
      "r":84.0563991323,
      "f":86.6405813304
    }
  },
  "tags_acc":95.4515491101,
  "token_acc":100.0,
  "textcat_score":0.0,
  "textcats_per_cat":{

  }
}