{
  "uas":0.0,
  "las":0.0,
  "las_per_type":{
    "":{
      "p":0.0,
      "r":0.0,
      "f":0.0
    }
  },
  "ents_p":89.1594791138,
  "ents_r":88.7243352407,
  "ents_f":88.9413749473,
  "ents_per_type":{
    "LOC":{
      "p":90.98621421,
      "r":93.4131736527,
      "f":92.1837228042
    },
    "ORG":{
      "p":84.8072562358,
      "r":83.6689038031,
      "f":84.2342342342
    },
    "PER":{
      "p":90.7447973713,
      "r":89.9565689468,
      "f":90.3489640131
    },
    "MISC":{
      "p":88.4965831435,
      "r":84.273318872,
      "f":86.3333333333
    }
  },
  "tags_acc":95.4942029547,
  "token_acc":100.0,
  "textcat_score":0.0,
  "textcats_per_cat":{

  }
}