{
  "uas":0.0,
  "las":0.0,
  "las_per_type":{
    "":{
      "p":0.0,
      "r":0.0,
      "f":0.0
    }
  },
  "ents_p":88.8513513514,
  "ents_r":88.522383036,
  "ents_f":88.6865621312,
  "ents_per_type":{
    "LOC":{
      "p":92.1052631579,
      "r":93.3587370713,
      "f":92.7277642606
    },
    "ORG":{
      "p":84.5571536715,
      "r":83.2960477256,
      "f":83.9218632607
    },
    "PER":{
      "p":89.129259059,
      "r":89.4679695983,
      "f":89.2982931455
    },
    "MISC":{
      "p":87.8378378378,
      "r":84.5986984816,
      "f":86.1878453039
    }
  },
  "tags_acc":95.5717553996,
  "token_acc":100.0,
  "textcat_score":0.0,
  "textcats_per_cat":{

  }
}