{
  "uas":0.0,
  "las":0.0,
  "las_per_type":{
    "":{
      "p":0.0,
      "r":0.0,
      "f":0.0
    }
  },
  "ents_p":88.5796221323,
  "ents_r":88.3709188825,
  "ents_f":88.4751474305,
  "ents_per_type":{
    "LOC":{
      "p":92.0882669537,
      "r":93.1409907458,
      "f":92.6116373478
    },
    "ORG":{
      "p":82.9015544041,
      "r":83.5197613721,
      "f":83.2095096582
    },
    "PER":{
      "p":89.519650655,
      "r":89.0336590662,
      "f":89.2759934676
    },
    "MISC":{
      "p":87.9368658399,
      "r":84.5986984816,
      "f":86.2354892206
    }
  },
  "tags_acc":95.546550855,
  "token_acc":100.0,
  "textcat_score":0.0,
  "textcats_per_cat":{

  }
}