{
  "uas":0.0,
  "las":0.0,
  "las_per_type":{
    "":{
      "p":0.0,
      "r":0.0,
      "f":0.0
    }
  },
  "ents_p":89.21386306,
  "ents_r":88.8084819926,
  "ents_f":89.0107109724,
  "ents_per_type":{
    "LOC":{
      "p":91.4452709883,
      "r":93.6853565596,
      "f":92.5517612261
    },
    "ORG":{
      "p":84.4762622457,
      "r":83.5943325876,
      "f":84.0329835082
    },
    "PER":{
      "p":90.278536319,
      "r":89.7394136808,
      "f":90.0081677103
    },
    "MISC":{
      "p":89.3714285714,
      "r":84.8156182213,
      "f":87.0339454647
    }
  },
  "tags_acc":95.5194074993,
  "token_acc":100.0,
  "textcat_score":0.0,
  "textcats_per_cat":{

  }
}