{
  "uas":0.0,
  "las":0.0,
  "las_per_type":{
    "":{
      "p":0.0,
      "r":0.0,
      "f":0.0
    }
  },
  "ents_p":88.1178063643,
  "ents_r":87.6135981151,
  "ents_f":87.864978903,
  "ents_per_type":{
    "LOC":{
      "p":90.5448717949,
      "r":92.2700054437,
      "f":91.3992990024
    },
    "ORG":{
      "p":83.0418250951,
      "r":81.4317673378,
      "f":82.2289156627
    },
    "PER":{
      "p":88.8888888889,
      "r":89.4679695983,
      "f":89.1774891775
    },
    "MISC":{
      "p":88.9273356401,
      "r":83.6225596529,
      "f":86.1934041364
    }
  },
  "tags_acc":95.2964442204,
  "token_acc":100.0,
  "textcat_score":0.0,
  "textcats_per_cat":{

  }
}