{
  "uas":0.0,
  "las":0.0,
  "las_per_type":{
    "":{
      "p":0.0,
      "r":0.0,
      "f":0.0
    }
  },
  "ents_p":89.0313871077,
  "ents_r":88.7916526422,
  "ents_f":88.9113582744,
  "ents_per_type":{
    "LOC":{
      "p":92.3529411765,
      "r":94.0119760479,
      "f":93.175074184
    },
    "ORG":{
      "p":84.1829085457,
      "r":83.7434750186,
      "f":83.9626168224
    },
    "PER":{
      "p":89.9453551913,
      "r":89.3593919653,
      "f":89.651416122
    },
    "MISC":{
      "p":87.4439461883,
      "r":84.5986984816,
      "f":85.9977949283
    }
  },
  "tags_acc":95.5911435108,
  "token_acc":100.0,
  "textcat_score":0.0,
  "textcats_per_cat":{

  }
}