{
  "uas":0.0,
  "las":0.0,
  "las_per_type":{
    "":{
      "p":0.0,
      "r":0.0,
      "f":0.0
    }
  },
  "ents_p":88.5791518838,
  "ents_r":88.2362840794,
  "ents_f":88.4073855493,
  "ents_per_type":{
    "LOC":{
      "p":91.4470145239,
      "r":92.5421883506,
      "f":91.9913419913
    },
    "ORG":{
      "p":83.1091180867,
      "r":82.923191648,
      "f":83.0160507652
    },
    "PER":{
      "p":89.3433799785,
      "r":90.1194353963,
      "f":89.7297297297
    },
    "MISC":{
      "p":89.2361111111,
      "r":83.6225596529,
      "f":86.3381858903
    }
  },
  "tags_acc":95.3371592539,
  "token_acc":100.0,
  "textcat_score":0.0,
  "textcats_per_cat":{

  }
}