{
  "uas":0.0,
  "las":0.0,
  "las_per_type":{
    "":{
      "p":0.0,
      "r":0.0,
      "f":0.0
    }
  },
  "ents_p":89.0482618967,
  "ents_r":88.8084819926,
  "ents_f":88.9282103134,
  "ents_per_type":{
    "LOC":{
      "p":91.1264612115,
      "r":93.3587370713,
      "f":92.2290938424
    },
    "ORG":{
      "p":84.4477836213,
      "r":83.8180462342,
      "f":84.1317365269
    },
    "PER":{
      "p":90.1683867463,
      "r":90.1194353963,
      "f":90.1439044257
    },
    "MISC":{
      "p":89.2201834862,
      "r":84.3817787419,
      "f":86.7335562988
    }
  },
  "tags_acc":95.4883865214,
  "token_acc":100.0,
  "textcat_score":0.0,
  "textcats_per_cat":{

  }
}