{
  "uas":0.0,
  "las":0.0,
  "las_per_type":{
    "":{
      "p":0.0,
      "r":0.0,
      "f":0.0
    }
  },
  "ents_p":88.4991568297,
  "ents_r":88.3204308314,
  "ents_f":88.409703504,
  "ents_per_type":{
    "LOC":{
      "p":91.7918454936,
      "r":93.1409907458,
      "f":92.4614968927
    },
    "ORG":{
      "p":82.7560795873,
      "r":83.7434750186,
      "f":83.2468495182
    },
    "PER":{
      "p":89.5890410959,
      "r":88.7622149837,
      "f":89.1737114808
    },
    "MISC":{
      "p":88.1221719457,
      "r":84.4902386117,
      "f":86.2679955703
    }
  },
  "tags_acc":95.6047151886,
  "token_acc":100.0,
  "textcat_score":0.0,
  "textcats_per_cat":{

  }
}