{
  "uas":0.0,
  "las":0.0,
  "las_per_type":{
    "":{
      "p":0.0,
      "r":0.0,
      "f":0.0
    }
  },
  "ents_p":88.8064733648,
  "ents_r":88.6570178391,
  "ents_f":88.731682668,
  "ents_per_type":{
    "LOC":{
      "p":91.8629550321,
      "r":93.4131736527,
      "f":92.6315789474
    },
    "ORG":{
      "p":84.563253012,
      "r":83.7434750186,
      "f":84.1513675534
    },
    "PER":{
      "p":89.0263582571,
      "r":89.8479913138,
      "f":89.4352877601
    },
    "MISC":{
      "p":88.2554161916,
      "r":83.9479392625,
      "f":86.0478043357
    }
  },
  "tags_acc":95.5581837217,
  "token_acc":100.0,
  "textcat_score":0.0,
  "textcats_per_cat":{

  }
}