{
  "uas":0.0,
  "las":0.0,
  "las_per_type":{
    "":{
      "p":0.0,
      "r":0.0,
      "f":0.0
    }
  },
  "ents_p":89.0918315576,
  "ents_r":88.6570178391,
  "ents_f":88.8738928722,
  "ents_per_type":{
    "LOC":{
      "p":91.3436006373,
      "r":93.6309199782,
      "f":92.4731182796
    },
    "ORG":{
      "p":84.5454545455,
      "r":83.2214765101,
      "f":83.8782412627
    },
    "PER":{
      "p":89.9945622621,
      "r":89.8479913138,
      "f":89.9212170606
    },
    "MISC":{
      "p":89.2078071183,
      "r":84.273318872,
      "f":86.6703848299
    }
  },
  "tags_acc":95.5543060995,
  "token_acc":100.0,
  "textcat_score":0.0,
  "textcats_per_cat":{

  }
}