{
  "uas":0.0,
  "las":0.0,
  "las_per_type":{
    "":{
      "p":0.0,
      "r":0.0,
      "f":0.0
    }
  },
  "ents_p":88.6884693189,
  "ents_r":88.5392123864,
  "ents_f":88.6137780024,
  "ents_per_type":{
    "LOC":{
      "p":91.9700214133,
      "r":93.5220468155,
      "f":92.7395411606
    },
    "ORG":{
      "p":83.644510829,
      "r":83.5197613721,
      "f":83.5820895522
    },
    "PER":{
      "p":89.6344789962,
      "r":89.1965255157,
      "f":89.4149659864
    },
    "MISC":{
      "p":87.4439461883,
      "r":84.5986984816,
      "f":85.9977949283
    }
  },
  "tags_acc":95.577571833,
  "token_acc":100.0,
  "textcat_score":0.0,
  "textcats_per_cat":{

  }
}