{
  "uas":0.0,
  "las":0.0,
  "las_per_type":{
    "":{
      "p":0.0,
      "r":0.0,
      "f":0.0
    }
  },
  "ents_p":88.2541287496,
  "ents_r":88.1353079771,
  "ents_f":88.1946783429,
  "ents_per_type":{
    "LOC":{
      "p":91.5727321524,
      "r":92.8688078389,
      "f":92.2162162162
    },
    "ORG":{
      "p":82.6923076923,
      "r":83.3706189411,
      "f":83.0300779799
    },
    "PER":{
      "p":89.1494002181,
      "r":88.7622149837,
      "f":88.9553862894
    },
    "MISC":{
      "p":87.9096045198,
      "r":84.3817787419,
      "f":86.1095738794
    }
  },
  "tags_acc":95.6008375664,
  "token_acc":100.0,
  "textcat_score":0.0,
  "textcats_per_cat":{

  }
}