{
  "uas":0.0,
  "las":0.0,
  "las_per_type":{
    "":{
      "p":0.0,
      "r":0.0,
      "f":0.0
    }
  },
  "ents_p":88.8307744221,
  "ents_r":88.606529788,
  "ents_f":88.7185104053,
  "ents_per_type":{
    "LOC":{
      "p":91.510945008,
      "r":93.3043004899,
      "f":92.3989218329
    },
    "ORG":{
      "p":84.766214178,
      "r":83.8180462342,
      "f":84.289463817
    },
    "PER":{
      "p":89.2008639309,
      "r":89.6851248643,
      "f":89.442338928
    },
    "MISC":{
      "p":88.4703196347,
      "r":84.0563991323,
      "f":86.2068965517
    }
  },
  "tags_acc":95.5659389662,
  "token_acc":100.0,
  "textcat_score":0.0,
  "textcats_per_cat":{

  }
}