{
  "uas":0.0,
  "las":0.0,
  "las_per_type":{
    "":{
      "p":0.0,
      "r":0.0,
      "f":0.0
    }
  },
  "ents_p":88.8720283257,
  "ents_r":88.7075058903,
  "ents_f":88.7896908953,
  "ents_per_type":{
    "LOC":{
      "p":92.3406534547,
      "r":93.8486663038,
      "f":93.0885529158
    },
    "ORG":{
      "p":84.563253012,
      "r":83.7434750186,
      "f":84.1513675534
    },
    "PER":{
      "p":89.6082698585,
      "r":89.4136807818,
      "f":89.5108695652
    },
    "MISC":{
      "p":86.5256124722,
      "r":84.273318872,
      "f":85.3846153846
    }
  },
  "tags_acc":95.6085928109,
  "token_acc":100.0,
  "textcat_score":0.0,
  "textcats_per_cat":{

  }
}