{
  "uas":0.0,
  "las":0.0,
  "las_per_type":{
    "":{
      "p":0.0,
      "r":0.0,
      "f":0.0
    }
  },
  "ents_p":86.2302865864,
  "ents_r":85.5772467183,
  "ents_f":85.9025255511,
  "ents_per_type":{
    "LOC":{
      "p":87.467087941,
      "r":90.4191616766,
      "f":88.9186295503
    },
    "ORG":{
      "p":82.2517591869,
      "r":78.4489187174,
      "f":80.3053435115
    },
    "PER":{
      "p":86.7904509284,
      "r":88.8165038002,
      "f":87.7917896431
    },
    "MISC":{
      "p":88.2494004796,
      "r":79.8264642082,
      "f":83.8268792711
    }
  },
  "tags_acc":94.7904145178,
  "token_acc":100.0,
  "textcat_score":0.0,
  "textcats_per_cat":{

  }
}