{
  "uas":0.0,
  "las":0.0,
  "las_per_type":{
    "":{
      "p":0.0,
      "r":0.0,
      "f":0.0
    }
  },
  "ents_p":88.6283111186,
  "ents_r":88.4045775833,
  "ents_f":88.5163029741,
  "ents_per_type":{
    "LOC":{
      "p":91.9849381388,
      "r":93.0865541644,
      "f":92.5324675325
    },
    "ORG":{
      "p":83.1727205337,
      "r":83.6689038031,
      "f":83.4200743494
    },
    "PER":{
      "p":89.6174863388,
      "r":89.0336590662,
      "f":89.3246187364
    },
    "MISC":{
      "p":87.8515185602,
      "r":84.7071583514,
      "f":86.2506902264
    }
  },
  "tags_acc":95.5930823219,
  "token_acc":100.0,
  "textcat_score":0.0,
  "textcats_per_cat":{

  }
}