{
  "uas":0.0,
  "las":0.0,
  "las_per_type":{
    "":{
      "p":0.0,
      "r":0.0,
      "f":0.0
    }
  },
  "ents_p":88.7839433294,
  "ents_r":88.5897004376,
  "ents_f":88.6867155252,
  "ents_per_type":{
    "LOC":{
      "p":92.2335297268,
      "r":93.739793141,
      "f":92.9805615551
    },
    "ORG":{
      "p":83.545250561,
      "r":83.2960477256,
      "f":83.4204630321
    },
    "PER":{
      "p":89.9398578458,
      "r":89.3051031488,
      "f":89.6213565786
    },
    "MISC":{
      "p":87.0535714286,
      "r":84.5986984816,
      "f":85.8085808581
    }
  },
  "tags_acc":95.5988987553,
  "token_acc":100.0,
  "textcat_score":0.0,
  "textcats_per_cat":{

  }
}