{
  "uas":0.0,
  "las":0.0,
  "las_per_type":{
    "":{
      "p":0.0,
      "r":0.0,
      "f":0.0
    }
  },
  "ents_p":87.5825851262,
  "ents_r":87.0077415012,
  "ents_f":87.2942169692,
  "ents_per_type":{
    "LOC":{
      "p":89.549071618,
      "r":91.888949374,
      "f":90.7039226222
    },
    "ORG":{
      "p":83.2428238945,
      "r":80.0149142431,
      "f":81.5969581749
    },
    "PER":{
      "p":88.0557043385,
      "r":89.2508143322,
      "f":88.6492315988
    },
    "MISC":{
      "p":88.747099768,
      "r":82.9718004338,
      "f":85.7623318386
    }
  },
  "tags_acc":95.1122571639,
  "token_acc":100.0,
  "textcat_score":0.0,
  "textcats_per_cat":{

  }
}