{
  "uas":0.0,
  "las":0.0,
  "las_per_type":{
    "":{
      "p":0.0,
      "r":0.0,
      "f":0.0
    }
  },
  "ents_p":88.7820512821,
  "ents_r":88.5728710872,
  "ents_f":88.6773378265,
  "ents_per_type":{
    "LOC":{
      "p":91.7866666667,
      "r":93.6853565596,
      "f":92.7262931034
    },
    "ORG":{
      "p":85.4309687262,
      "r":83.5197613721,
      "f":84.4645550528
    },
    "PER":{
      "p":89.0869800108,
      "r":89.5222584148,
      "f":89.3040888167
    },
    "MISC":{
      "p":86.7564534231,
      "r":83.8394793926,
      "f":85.2730281302
    }
  },
  "tags_acc":95.5853270774,
  "token_acc":100.0,
  "textcat_score":0.0,
  "textcats_per_cat":{

  }
}