{
  "uas":0.0,
  "las":0.0,
  "las_per_type":{
    "":{
      "p":0.0,
      "r":0.0,
      "f":0.0
    }
  },
  "ents_p":88.8888888889,
  "ents_r":88.5897004376,
  "ents_f":88.7390424815,
  "ents_per_type":{
    "LOC":{
      "p":91.5862808146,
      "r":93.032117583,
      "f":92.3035376722
    },
    "ORG":{
      "p":83.6948391922,
      "r":83.4451901566,
      "f":83.56982823
    },
    "PER":{
      "p":89.7130481862,
      "r":89.9565689468,
      "f":89.8346435348
    },
    "MISC":{
      "p":89.3348623853,
      "r":84.4902386117,
      "f":86.845039019
    }
  },
  "tags_acc":95.5640001551,
  "token_acc":100.0,
  "textcat_score":0.0,
  "textcats_per_cat":{

  }
}