{
  "uas":0.0,
  "las":0.0,
  "las_per_type":{
    "":{
      "p":0.0,
      "r":0.0,
      "f":0.0
    }
  },
  "ents_p":88.4226491405,
  "ents_r":88.303601481,
  "ents_f":88.3630852139,
  "ents_per_type":{
    "LOC":{
      "p":91.6443492234,
      "r":93.1409907458,
      "f":92.3866090713
    },
    "ORG":{
      "p":83.3706189411,
      "r":83.3706189411,
      "f":83.3706189411
    },
    "PER":{
      "p":89.2215568862,
      "r":88.9793702497,
      "f":89.1002989943
    },
    "MISC":{
      "p":87.6265466817,
      "r":84.4902386117,
      "f":86.0298177802
    }
  },
  "tags_acc":95.6357361666,
  "token_acc":100.0,
  "textcat_score":0.0,
  "textcats_per_cat":{

  }
}