{
  "uas":0.0,
  "las":0.0,
  "las_per_type":{
    "":{
      "p":0.0,
      "r":0.0,
      "f":0.0
    }
  },
  "ents_p":88.78772551,
  "ents_r":88.6233591383,
  "ents_f":88.7054661838,
  "ents_per_type":{
    "LOC":{
      "p":91.8673087212,
      "r":93.4676102341,
      "f":92.6605504587
    },
    "ORG":{
      "p":85.3120243531,
      "r":83.5943325876,
      "f":84.4444444444
    },
    "PER":{
      "p":89.3224932249,
      "r":89.4679695983,
      "f":89.3951722267
    },
    "MISC":{
      "p":86.3787375415,
      "r":84.5986984816,
      "f":85.4794520548
    }
  },
  "tags_acc":95.5892046997,
  "token_acc":100.0,
  "textcat_score":0.0,
  "textcats_per_cat":{

  }
}