{
  "uas":0.0,
  "las":0.0,
  "las_per_type":{
    "":{
      "p":0.0,
      "r":0.0,
      "f":0.0
    }
  },
  "ents_p":88.9076481513,
  "ents_r":88.6233591383,
  "ents_f":88.7652760219,
  "ents_per_type":{
    "LOC":{
      "p":92.130620985,
      "r":93.6853565596,
      "f":92.9014844804
    },
    "ORG":{
      "p":85.3008377761,
      "r":83.5197613721,
      "f":84.4009042954
    },
    "PER":{
      "p":88.9848812095,
      "r":89.4679695983,
      "f":89.2257715214
    },
    "MISC":{
      "p":87.3033707865,
      "r":84.273318872,
      "f":85.761589404
    }
  },
  "tags_acc":95.5853270774,
  "token_acc":100.0,
  "textcat_score":0.0,
  "textcats_per_cat":{

  }
}