{
  "uas":0.0,
  "las":0.0,
  "las_per_type":{
    "":{
      "p":0.0,
      "r":0.0,
      "f":0.0
    }
  },
  "ents_p":88.7221847606,
  "ents_r":88.5728710872,
  "ents_f":88.6474650497,
  "ents_per_type":{
    "LOC":{
      "p":91.3783927621,
      "r":93.4676102341,
      "f":92.4111948332
    },
    "ORG":{
      "p":84.6560846561,
      "r":83.5197613721,
      "f":84.0840840841
    },
    "PER":{
      "p":88.9725658956,
      "r":89.7937024973,
      "f":89.3812483113
    },
    "MISC":{
      "p":88.6337543054,
      "r":83.7310195228,
      "f":86.1126603458
    }
  },
  "tags_acc":95.5640001551,
  "token_acc":100.0,
  "textcat_score":0.0,
  "textcats_per_cat":{

  }
}