{
  "uas":0.0,
  "las":0.0,
  "las_per_type":{
    "":{
      "p":0.0,
      "r":0.0,
      "f":0.0
    }
  },
  "ents_p":88.7818888326,
  "ents_r":88.4382362841,
  "ents_f":88.6097293651,
  "ents_per_type":{
    "LOC":{
      "p":91.4163090129,
      "r":92.7599346761,
      "f":92.0832207511
    },
    "ORG":{
      "p":83.6948391922,
      "r":83.4451901566,
      "f":83.56982823
    },
    "PER":{
      "p":89.7616468039,
      "r":89.9565689468,
      "f":89.8590021692
    },
    "MISC":{
      "p":88.876146789,
      "r":84.0563991323,
      "f":86.3991081382
    }
  },
  "tags_acc":95.385629532,
  "token_acc":100.0,
  "textcat_score":0.0,
  "textcats_per_cat":{

  }
}