{
  "uas":0.0,
  "las":0.0,
  "las_per_type":{
    "":{
      "p":0.0,
      "r":0.0,
      "f":0.0
    }
  },
  "ents_p":83.8891739354,
  "ents_r":82.5479636486,
  "ents_f":83.2131648147,
  "ents_per_type":{
    "LOC":{
      "p":86.7944621938,
      "r":88.7316276538,
      "f":87.7523553163
    },
    "ORG":{
      "p":76.8633540373,
      "r":73.8255033557,
      "f":75.3138075314
    },
    "PER":{
      "p":84.7251585624,
      "r":87.0249728556,
      "f":85.8596679164
    },
    "MISC":{
      "p":86.4385297845,
      "r":73.9696312364,
      "f":79.7194623027
    }
  },
  "tags_acc":94.1564232812,
  "token_acc":100.0,
  "textcat_score":0.0,
  "textcats_per_cat":{

  }
}